Time,Extension,Load
(s),(mm),(N)
"0.00000","0.00000","0.22508"
"0.50000","0.00000","0.22786"
"1.00000","0.00000","0.22529"
"1.50000","0.00000","0.22757"
"2.00000","0.00000","0.22822"
"2.50000","0.00000","0.23008"
"3.00000","0.00000","0.22535"
"3.50000","0.00000","0.22888"
"4.00000","0.00000","0.22539"
"4.50000","0.00000","0.22537"
"5.00000","0.00000","0.22479"
"5.50000","0.00000","0.22597"
"6.00000","0.00000","0.22347"
"6.50000","0.00000","0.22502"
"7.00000","0.00000","0.22560"
"7.50000","0.00000","0.22415"
"8.00000","0.00000","0.22537"
"8.50000","0.00000","0.22602"
"9.00000","0.00000","0.22406"
"9.50000","0.00000","0.22876"
"10.00000","0.00000","0.22517"
"10.50000","0.00000","0.22291"
"11.00000","0.00000","0.23083"
"11.50000","0.00000","0.22496"
"12.00000","0.00000","0.22638"
"12.50000","0.00000","0.22368"
"13.00000","0.00000","0.22487"
"13.50000","0.00000","0.22424"
"14.00000","0.00000","0.22668"
"14.50000","0.00000","0.22408"
"15.00000","0.00000","0.22887"
"15.50000","0.00000","0.22530"
"16.00000","0.00000","0.22577"
"16.50000","0.00000","0.22727"
"17.00000","0.00000","0.22712"
"17.50000","0.00000","0.22320"
"18.00000","0.00000","0.22518"
"18.50000","0.00000","0.22640"
"19.00000","0.00000","0.22587"
"19.50000","0.00000","0.22143"
"19.98100","0.00000","0.22556"
"19.98200","0.00000","0.22554"
"20.00400","0.00000","0.22380"
"20.50400","0.00138","0.42056"
"21.00400","0.00313","0.70101"
"21.50400","0.00464","0.93136"
"22.00400","0.00647","1.22204"
"22.50400","0.00804","1.46650"
"23.00400","0.00974","1.72972"
"23.50400","0.01142","1.98505"
"24.00400","0.01303","2.22855"
"24.50400","0.01483","2.50677"
"25.00400","0.01630","2.73516"
"25.50400","0.01811","3.01003"
"26.00400","0.01972","3.25489"
"26.50400","0.02141","3.51286"
"27.00400","0.02313","3.77360"
"27.50400","0.02469","4.00650"
"28.00400","0.02648","4.27013"
"28.50400","0.02798","4.49598"
"29.00400","0.02977","4.76545"
"29.50400","0.03139","5.01085"
"30.00400","0.03303","5.24612"
"30.50400","0.03481","5.51417"
"31.00400","0.03635","5.74452"
"31.50400","0.03813","6.00863"
"32.00400","0.03964","6.23902"
"32.50400","0.04143","6.51303"
"33.00400","0.04307","6.76019"
"33.50400","0.04469","7.00508"
"34.00400","0.04648","7.27448"
"34.50400","0.04803","7.51181"
"35.00400","0.04978","7.77675"
"35.50400","0.05135","8.01328"
"36.00400","0.05309","8.27108"
"36.50400","0.05477","8.52133"
"37.00400","0.05634","8.75642"
"37.50400","0.05813","9.02363"
"38.00400","0.05972","9.25897"
"38.50400","0.06142","9.51177"
"39.00400","0.06305","9.75444"
"39.50400","0.06471","9.99461"
"40.00400","0.06645","10.25152"
"40.50400","0.06802","10.48035"
"41.00400","0.06979","10.73907"
"41.50400","0.07141","10.96879"
"42.00400","0.07308","11.21095"
"42.50400","0.07475","11.44861"
"43.00400","0.07636","11.67933"
"43.50400","0.07810","11.92544"
"44.00400","0.07969","12.14708"
"44.50400","0.08144","12.39104"
"45.00400","0.08309","12.61600"
"45.50400","0.08470","12.34742"
"46.00400","0.08641","12.56723"
"46.50400","0.08802","12.79966"
"47.00400","0.08977","13.04808"
"47.50400","0.09137","13.26259"
"48.00400","0.09308","13.50082"
"48.50400","0.09479","13.73331"
"49.00400","0.09633","13.93298"
"49.50400","0.09812","14.16702"
"50.00400","0.09971","14.37101"
"50.50400","0.10141","14.59496"
"51.00400","0.10305","14.80740"
"51.50400","0.10475","15.02465"
"52.00400","0.10647","15.25802"
"52.50400","0.10798","15.45416"
"53.00400","0.10978","15.68254"
"53.50400","0.11138","15.88826"
"54.00400","0.11308","16.10389"
"54.50400","0.11477","16.32294"
"55.00400","0.11639","16.53417"
"55.50400","0.11815","16.75650"
"56.00400","0.11964","16.94073"
"56.50400","0.12145","17.17223"
"57.00400","0.12305","17.37089"
"57.50400","0.12471","17.57461"
"58.00400","0.12649","17.79336"
"58.50400","0.12804","17.97849"
"59.00400","0.12980","18.19127"
"59.50400","0.13131","18.37260"
"60.00400","0.13311","18.58740"
"60.50400","0.13477","18.78430"
"61.00400","0.13636","18.97060"
"61.50400","0.13815","19.17686"
"62.00400","0.13967","19.35004"
"62.50400","0.14147","19.55228"
"63.00400","0.14300","19.71797"
"63.50400","0.14476","19.90166"
"64.00400","0.14641","20.09237"
"64.50400","0.14801","20.27355"
"65.00400","0.14983","20.48024"
"65.50400","0.15135","20.64086"
"66.00400","0.15311","20.83925"
"66.50400","0.15467","21.00549"
"67.00400","0.15641","21.19601"
"67.50400","0.15811","21.37387"
"68.00400","0.15967","21.53456"
"68.50400","0.16147","21.71855"
"69.00400","0.16303","21.88279"
"69.50400","0.16475","22.05619"
"70.00400","0.16637","22.21839"
"70.50400","0.16804","22.38148"
"71.00400","0.16977","22.55411"
"71.50400","0.17134","22.70978"
"72.00400","0.17312","22.88361"
"72.50400","0.17473","23.03927"
"73.00400","0.17640","23.18083"
"73.50400","0.17806","23.31535"
"74.00400","0.17970","23.45249"
"74.50400","0.18143","23.61423"
"75.00400","0.18300","23.75082"
"75.50400","0.18477","23.90569"
"76.00400","0.18643","24.04908"
"76.50400","0.18806","24.17972"
"77.00400","0.18975","24.32363"
"77.50400","0.19135","24.44884"
"78.00400","0.19309","24.58913"
"78.50400","0.19472","24.71565"
"79.00400","0.19642","24.83137"
"79.50400","0.19814","24.96127"
"80.00400","0.19967","25.06477"
"80.50400","0.20144","25.19485"
"81.00400","0.20303","25.30173"
"81.50400","0.20475","25.42385"
"82.00400","0.20640","25.54081"
"82.50400","0.20806","25.65251"
"83.00400","0.20984","25.77242"
"83.50400","0.21133","25.86000"
"84.00400","0.21311","25.97626"
"84.50400","0.21471","26.07728"
"85.00400","0.21641","26.18128"
"85.50400","0.21811","26.29982"
"86.00400","0.21969","26.39193"
"86.50400","0.22150","26.50848"
"87.00400","0.22297","26.58832"
"87.50400","0.22479","26.70985"
"88.00400","0.22638","26.80697"
"88.50400","0.22805","26.91934"
"89.00400","0.22981","27.03687"
"89.50400","0.23135","27.12576"
"90.00400","0.23316","27.23791"
"90.50400","0.23464","27.32155"
"91.00400","0.23644","27.44405"
"91.50400","0.23805","27.54489"
"92.00400","0.23971","27.64417"
"92.50400","0.24149","27.76786"
"93.00400","0.24302","27.85022"
"93.50400","0.24479","27.96092"
"94.00400","0.24633","28.04841"
"94.50400","0.24811","28.15420"
"95.00400","0.24973","28.24639"
"95.50400","0.25135","28.32762"
"96.00400","0.25315","28.43524"
"96.50400","0.25472","28.50743"
"97.00400","0.25644","28.59417"
"97.50400","0.25801","28.67696"
"98.00400","0.25976","28.76540"
"98.50400","0.26143","28.83837"
"99.00400","0.26301","28.91038"
"99.50400","0.26479","28.98845"
"100.00400","0.26638","29.06209"
"100.50400","0.26809","29.13146"
"101.00400","0.26973","29.21004"
"101.50400","0.27141","29.26950"
"102.00400","0.27309","29.32301"
"102.50400","0.27468","29.35070"
"103.00400","0.27644","29.38292"
"103.50400","0.27808","29.41259"
"104.00400","0.27973","29.44603"
"104.50400","0.28140","29.49069"
"105.00400","0.28304","29.51794"
"105.50400","0.28477","29.56221"
"106.00400","0.28636","29.58827"
"106.50400","0.28809","29.62639"
"107.00400","0.28977","29.67369"
"107.50400","0.29137","29.71785"
"108.00400","0.29311","29.78558"
"108.50400","0.29470","29.81844"
"109.00400","0.29643","29.87436"
"109.50400","0.29802","29.91698"
"110.00400","0.29975","29.96037"
"110.50400","0.30147","30.00979"
"111.00400","0.30300","30.03480"
"111.50400","0.30479","30.09147"
"112.00400","0.30637","30.13062"
"112.50400","0.30809","30.18500"
"113.00400","0.30972","30.23092"
"113.50400","0.31141","30.28276"
"114.00400","0.31316","30.35593"
"114.50400","0.31465","30.39994"
"115.00400","0.31646","30.47396"
"115.50400","0.31804","30.52241"
"116.00400","0.31973","30.58844"
"116.50400","0.32144","30.65829"
"117.00400","0.32305","30.69523"
"117.50400","0.32481","30.75387"
"118.00400","0.32631","30.79608"
"118.50400","0.32811","30.86887"
"119.00400","0.32972","30.90873"
"119.50400","0.33140","30.95984"
"120.00400","0.33311","31.02887"
"120.50400","0.33467","31.07729"
"121.00400","0.33646","31.15615"
"121.50400","0.33799","31.20251"
"122.00400","0.33977","31.26649"
"122.50400","0.34140","31.31123"
"123.00400","0.34302","31.35530"
"123.50400","0.34482","31.41891"
"124.00400","0.34635","31.45197"
"124.50400","0.34812","31.49788"
"125.00400","0.34967","31.52512"
"125.50400","0.35143","31.56896"
"126.00400","0.35309","31.61616"
"126.50400","0.35468","31.65679"
"127.00400","0.35648","31.72179"
"127.50400","0.35804","31.75757"
"128.00400","0.35977","31.80794"
"128.50400","0.36138","31.84430"
"129.00400","0.36308","31.88420"
"129.50400","0.36477","31.92675"
"130.00400","0.36633","31.95524"
"130.50400","0.36814","31.99869"
"131.00400","0.36972","32.02879"
"131.50400","0.37141","32.07580"
"132.00400","0.37306","32.12144"
"132.50400","0.37471","32.15760"
"133.00400","0.37646","32.20545"
"133.50400","0.37798","32.23117"
"134.00400","0.37977","32.27582"
"134.50400","0.38140","32.30068"
"135.00400","0.38307","32.32745"
"135.50400","0.38474","32.35047"
"136.00400","0.38636","32.34973"
"136.50400","0.38810","32.36567"
"137.00400","0.38968","32.38057"
"137.50400","0.39143","32.42192"
"138.00400","0.39311","32.46720"
"138.50400","0.39470","32.49305"
"139.00400","0.39642","32.54741"
"139.50400","0.39803","32.58459"
"140.00400","0.39976","32.63754"
"140.50400","0.40137","32.68830"
"141.00400","0.40309","32.74745"
"141.50400","0.40479","32.80177"
"142.00400","0.40634","32.83125"
"142.50400","0.40811","32.89674"
"143.00400","0.40971","32.93279"
"143.50400","0.41142","32.97707"
"144.00400","0.41309","33.02050"
"144.50400","0.41473","33.05423"
"145.00400","0.41649","33.09743"
"145.50400","0.41798","33.11712"
"146.00400","0.41979","33.16759"
"146.50400","0.42139","33.16880"
"147.00400","0.42307","33.18390"
"147.50400","0.42479","33.20793"
"148.00400","0.42634","33.21915"
"148.50400","0.42817","33.27324"
"149.00400","0.42965","33.29969"
"149.50400","0.43145","33.35146"
"150.00400","0.43305","33.38917"
"150.50400","0.43471","33.43055"
"151.00400","0.43650","33.47591"
"151.50400","0.43801","33.49195"
"152.00400","0.43980","33.55083"
"152.50400","0.44131","33.58731"
"153.00400","0.44311","33.64520"
"153.50400","0.44473","33.68298"
"154.00400","0.44635","33.71745"
"154.50400","0.44816","33.77589"
"155.00400","0.44968","33.80282"
"155.50400","0.45146","33.86021"
"156.00400","0.45299","33.88746"
"156.50400","0.45476","33.93169"
"157.00400","0.45642","33.96813"
"157.50400","0.45801","34.00285"
"158.00400","0.45982","34.06091"
"158.50400","0.46137","34.08295"
"159.00400","0.46310","34.12923"
"159.50400","0.46469","34.17345"
"160.00400","0.46643","34.21575"
"160.50400","0.46807","34.26418"
"161.00400","0.46966","34.29753"
"161.50400","0.47146","34.34102"
"162.00400","0.47306","34.37123"
"162.50400","0.47476","34.40515"
"163.00400","0.47639","34.44893"
"163.50400","0.47807","34.48894"
"164.00400","0.47975","34.53288"
"164.50400","0.48132","34.54340"
"165.00400","0.48312","34.57293"
"165.50400","0.48473","34.59223"
"166.00400","0.48639","34.61578"
"166.50400","0.48808","34.64701"
"167.00400","0.48974","34.65762"
"167.50400","0.49144","34.68965"
"168.00400","0.49302","34.70821"
"168.50400","0.49476","34.74668"
"169.00400","0.49646","34.81011"
"169.50400","0.49803","34.83068"
"170.00400","0.49975","34.88889"
"170.50400","0.50137","34.93125"
"171.00400","0.50309","34.97504"
"171.50400","0.50471","35.00131"
"172.00400","0.50641","35.02776"
"172.50400","0.50812","35.06501"
"173.00400","0.50967","35.08310"
"173.50400","0.51146","35.13611"
"174.00400","0.51302","35.16143"
"174.50400","0.51475","35.21818"
"175.00400","0.51640","35.23981"
"175.50400","0.51805","35.25635"
"176.00400","0.51983","35.29802"
"176.50400","0.52130","35.31375"
"177.00400","0.52312","35.37312"
"177.50400","0.52470","35.40636"
"178.00400","0.52641","35.45107"
"178.50400","0.52811","35.50553"
"179.00400","0.52969","35.53840"
"179.50400","0.53148","35.58273"
"180.00400","0.53297","35.59988"
"180.50400","0.53478","35.66157"
"181.00400","0.53639","35.69472"
"181.50400","0.53804","35.73959"
"182.00400","0.53981","35.79483"
"182.50400","0.54135","35.81360"
"183.00400","0.54314","35.86123"
"183.50400","0.54465","35.88337"
"184.00400","0.54644","35.93153"
"184.50400","0.54806","35.96850"
"185.00400","0.54970","36.00359"
"185.50400","0.55148","36.05373"
"186.00400","0.55302","36.07446"
"186.50400","0.55479","36.11451"
"187.00400","0.55635","36.14342"
"187.50400","0.55810","36.18027"
"188.00400","0.55974","36.21719"
"188.50400","0.56134","36.24571"
"189.00400","0.56316","36.30047"
"189.50400","0.56471","36.32068"
"190.00400","0.56642","36.35456"
"190.50400","0.56803","36.39505"
"191.00400","0.56976","36.44054"
"191.50400","0.57145","36.48643"
"192.00400","0.57302","36.51762"
"192.50400","0.57480","36.57610"
"193.00400","0.57639","36.60703"
"193.50400","0.57807","36.63497"
"194.00400","0.57973","36.66946"
"194.50400","0.58138","36.69019"
"195.00400","0.58311","36.71231"
"195.50400","0.58466","36.72261"
"196.00400","0.58644","36.75599"
"196.50400","0.58808","36.79110"
"197.00400","0.58973","36.82902"
"197.50400","0.59144","36.88119"
"198.00400","0.59303","36.91196"
"198.50400","0.59477","36.96617"
"199.00400","0.59634","37.00727"
"199.50400","0.59809","37.06228"
"200.00400","0.59978","37.11668"
"200.50400","0.60136","37.15289"
"201.00400","0.60311","37.21240"
"201.50400","0.60470","37.24234"
"202.00400","0.60642","37.28231"
"202.50400","0.60806","37.32037"
"203.00400","0.60975","37.35724"
"203.50400","0.61148","37.41333"
"204.00400","0.61300","37.44796"
"204.50400","0.61478","37.51462"
"205.00400","0.61638","37.55273"
"205.50400","0.61809","37.60679"
"206.00400","0.61974","37.65709"
"206.50400","0.62139","37.70192"
"207.00400","0.62316","37.76722"
"207.50400","0.62464","37.78697"
"208.00400","0.62645","37.85748"
"208.50400","0.62804","37.89593"
"209.00400","0.62973","37.93670"
"209.50400","0.63146","37.97809"
"210.00400","0.63304","38.00049"
"210.50400","0.63483","38.05795"
"211.00400","0.63630","38.07880"
"211.50400","0.63810","38.13299"
"212.00400","0.63973","38.16555"
"212.50400","0.64137","38.20204"
"213.00400","0.64316","38.25279"
"213.50400","0.64469","38.28003"
"214.00400","0.64648","38.31877"
"214.50400","0.64799","38.34394"
"215.00400","0.64976","38.38628"
"215.50400","0.65141","38.42293"
"216.00400","0.65303","38.45945"
"216.50400","0.65484","38.51601"
"217.00400","0.65636","38.53755"
"217.50400","0.65812","38.56985"
"218.00400","0.65966","38.58312"
"218.50400","0.66143","38.61977"
"219.00400","0.66311","38.65094"
"219.50400","0.66468","38.67477"
"220.00400","0.66647","38.72814"
"220.50400","0.66804","38.75161"
"221.00400","0.66978","38.77899"
"221.50400","0.67137","38.80596"
"222.00400","0.67308","38.83565"
"222.50400","0.67477","38.87228"
"223.00400","0.67633","38.88459"
"223.50400","0.67814","38.93266"
"224.00400","0.67972","38.96467"
"224.50400","0.68142","39.00235"
"225.00400","0.68305","39.04488"
"225.50400","0.68473","39.08972"
"226.00400","0.68643","39.15466"
"226.50400","0.68801","39.20275"
"227.00400","0.68977","39.24586"
"227.50400","0.69141","39.28186"
"228.00400","0.69307","39.31094"
"228.50400","0.69473","39.35539"
"229.00400","0.69638","39.39182"
"229.50400","0.69810","39.45295"
"230.00400","0.69968","39.50236"
"230.50400","0.70142","39.56451"
"231.00400","0.70310","39.61361"
"231.50400","0.70469","39.64605"
"232.00400","0.70644","39.71084"
"232.50400","0.70804","39.74836"
"233.00400","0.70976","39.81633"
"233.50400","0.71138","39.87942"
"234.00400","0.71308","39.94102"
"234.50400","0.71484","40.00129"
"235.00400","0.71633","40.00471"
"235.50400","0.71813","40.07210"
"236.00400","0.71969","40.10419"
"236.50400","0.72142","40.16766"
"237.00400","0.72309","40.22798"
"237.50400","0.72473","40.27221"
"238.00400","0.72649","40.34771"
"238.50400","0.72796","40.36988"
"239.00400","0.72979","40.44114"
"239.50400","0.73137","40.47947"
"240.00400","0.73307","40.53809"
"240.50400","0.73480","40.61189"
"241.00400","0.73635","40.64949"
"241.50400","0.73815","40.72206"
"242.00400","0.73963","40.74632"
"242.50400","0.74145","40.79358"
"243.00400","0.74305","40.81210"
"243.50400","0.74473","40.84566"
"244.00400","0.74646","40.90224"
"244.50400","0.74801","40.92773"
"245.00400","0.74981","40.98530"
"245.50400","0.75132","41.00094"
"246.00400","0.75311","41.05730"
"246.50400","0.75472","41.10577"
"247.00400","0.75635","41.15347"
"247.50400","0.75815","41.22951"
"248.00400","0.75970","41.27147"
"248.50400","0.76145","41.32743"
"249.00400","0.76300","41.36202"
"249.50400","0.76476","41.41795"
"250.00400","0.76640","41.47198"
"250.50400","0.76801","41.50301"
"251.00400","0.76981","41.53445"
"251.50400","0.77138","41.55190"
"252.00400","0.77310","41.59097"
"252.50400","0.77470","41.61604"
"253.00400","0.77641","41.65780"
"253.50400","0.77811","41.69917"
"254.00400","0.77967","41.73061"
"254.50400","0.78145","41.79980"
"255.00400","0.78307","41.85629"
"255.50400","0.78474","41.91277"
"256.00400","0.78640","41.97544"
"256.50400","0.78804","42.03106"
"257.00400","0.78977","42.09480"
"257.50400","0.79135","42.12307"
"258.00400","0.79309","42.16809"
"258.50400","0.79476","42.20811"
"259.00400","0.79639","42.23550"
"259.50400","0.79809","42.28482"
"260.00400","0.79969","42.32542"
"260.09400","0.80000","42.34043"
"260.09500","0.80001","42.34081"
"260.09600","0.80001","42.34118"
"260.59600","0.80024","42.25709"
"261.09600","0.80021","42.18837"
"261.59600","0.80015","42.13044"
"262.09600","0.80012","42.09509"
"262.59600","0.80012","42.06866"
"263.09600","0.80012","42.04702"
"263.59600","0.80012","42.02982"
"264.09600","0.80012","42.01881"
"264.59600","0.80012","42.00845"
"265.09600","0.80012","41.98595"
"265.59600","0.80012","41.97025"
"266.09600","0.80012","41.95584"
"266.59600","0.80012","41.94571"
"267.09600","0.80012","41.90892"
"267.59600","0.80012","41.88613"
"268.09600","0.80012","41.86227"
"268.59600","0.80012","41.83254"
"269.09600","0.80012","41.80906"
"269.59600","0.80012","41.80479"
"270.09600","0.80012","41.80536"
"270.59600","0.80012","41.80630"
"271.09600","0.80012","41.81505"
"271.59600","0.80012","41.80454"
"272.09600","0.80012","41.81084"
"272.59600","0.80012","41.81345"
"273.09600","0.80012","41.79893"
"273.59600","0.80012","41.77956"
"274.09600","0.80012","41.76338"
"274.59600","0.80012","41.73707"
"275.09600","0.80012","41.70958"
"275.59600","0.80012","41.68914"
"276.09600","0.80012","41.68050"
"276.59600","0.80012","41.67890"
"277.09600","0.80012","41.68107"
"277.59600","0.80012","41.68137"
"278.09600","0.80012","41.68373"
"278.59600","0.80012","41.69026"
"279.09600","0.80012","41.69783"
"279.59600","0.80012","41.70359"
"280.09500","0.80012","41.71420"
"280.09600","0.80012","41.71428"
"280.11400","0.80012","41.71390"
"281.11400","0.79388","40.87267"
"282.11400","0.78723","39.93562"
"283.11400","0.78043","39.00284"
"284.11400","0.77393","38.17949"
"285.11400","0.76729","37.38404"
"286.11400","0.76036","36.56093"
"287.11400","0.75386","35.82206"
"288.11400","0.74730","35.09726"
"289.11400","0.74047","34.35956"
"290.11400","0.73384","33.63128"
"291.11400","0.72736","32.97290"
"292.11400","0.72055","32.29663"
"293.11400","0.71379","31.63677"
"294.11400","0.70724","31.02331"
"295.11400","0.70050","30.42396"
"296.11400","0.69387","29.84795"
"297.11400","0.68731","29.32288"
"298.11400","0.68048","28.77601"
"299.11400","0.67382","28.27973"
"300.11400","0.66727","27.81199"
"301.11400","0.66054","27.34137"
"302.11400","0.65372","26.88273"
"303.11400","0.64734","26.46578"
"304.11400","0.64060","26.04289"
"305.11400","0.63371","25.62579"
"306.11400","0.62725","25.26600"
"307.11400","0.62059","24.91004"
"308.11400","0.61382","24.52406"
"309.11400","0.60724","24.18600"
"310.11400","0.60061","23.84834"
"311.11400","0.59381","23.49438"
"312.11400","0.58720","23.18806"
"313.11400","0.58057","22.88313"
"314.11400","0.57375","22.57477"
"315.11400","0.56729","22.33158"
"316.11400","0.56064","22.07368"
"317.11400","0.55372","21.79919"
"318.11400","0.54719","21.58962"
"319.11400","0.54059","21.35964"
"320.11400","0.53379","21.08649"
"321.11400","0.52718","20.84470"
"322.11400","0.52069","20.61395"
"323.11400","0.51389","20.38511"
"324.11400","0.50715","20.19760"
"325.11400","0.50058","20.00470"
"326.11400","0.49382","19.80701"
"327.11400","0.48720","19.64037"
"328.11400","0.48062","19.45752"
"329.11400","0.47378","19.25934"
"330.11400","0.46714","19.10868"
"331.11400","0.46061","18.99087"
"332.11400","0.45384","18.85516"
"333.11400","0.44709","18.73754"
"334.11400","0.44066","18.62805"
"335.11400","0.43395","18.47827"
"336.11400","0.42704","18.34376"
"337.11400","0.42055","18.23177"
"338.11400","0.41388","18.10543"
"339.11400","0.40717","17.99274"
"340.11400","0.40059","17.89569"
"340.21200","0.39999","17.88252"
"340.21300","0.39999","17.88220"
"340.21400","0.39998","17.88189"
"341.21400","0.40567","18.66397"
"342.21400","0.41217","19.46176"
"343.21400","0.41877","20.23955"
"344.21400","0.42574","21.05679"
"345.21400","0.43223","21.80584"
"346.21400","0.43886","22.53530"
"347.21400","0.44561","23.28325"
"348.21400","0.45221","23.97453"
"349.21400","0.45884","24.63698"
"350.21400","0.46563","25.34171"
"351.21400","0.47223","26.01097"
"352.21400","0.47883","26.65944"
"353.21400","0.48574","27.31590"
"354.21400","0.49223","27.90902"
"355.21400","0.49874","28.46120"
"356.21400","0.50568","29.05443"
"357.21400","0.51232","29.59364"
"358.21400","0.51886","30.11982"
"359.21400","0.52559","30.65343"
"360.21400","0.53228","31.16674"
"361.21400","0.53879","31.61664"
"362.21400","0.54556","32.09055"
"363.21400","0.55231","32.51234"
"364.21400","0.55884","32.94875"
"365.21400","0.56566","33.38634"
"366.21400","0.57229","33.74664"
"367.21400","0.57878","34.08613"
"368.21400","0.58557","34.47906"
"369.21400","0.59233","34.83126"
"370.21400","0.59884","35.13805"
"371.21400","0.60557","35.46921"
"372.21400","0.61236","35.78937"
"373.21400","0.61883","36.07440"
"374.21400","0.62548","36.38272"
"375.21400","0.63239","36.71976"
"376.21400","0.63887","36.97288"
"377.21400","0.64556","37.23120"
"378.21400","0.65229","37.52425"
"379.21400","0.65886","37.77998"
"380.21400","0.66549","38.03365"
"381.21400","0.67231","38.30708"
"382.21400","0.67888","38.54596"
"383.21400","0.68552","38.80998"
"384.21400","0.69242","39.07953"
"385.21400","0.69888","39.29583"
"386.21400","0.70543","39.51902"
"387.21400","0.71237","39.78221"
"388.21400","0.71898","39.99423"
"389.21400","0.72552","40.17327"
"390.21400","0.73227","40.40511"
"391.21400","0.73895","40.64695"
"392.21400","0.74547","40.85821"
"393.21400","0.75226","41.08451"
"394.21400","0.75897","41.26189"
"395.21400","0.76552","41.47892"
"396.21400","0.77235","41.71255"
"397.21400","0.77894","41.91521"
"398.21400","0.78544","42.11842"
"399.21400","0.79224","42.37635"
"400.21400","0.79902","42.62261"
"400.38900","0.80000","42.63482"
"400.39000","0.80001","42.63497"
"400.39100","0.80002","42.63516"
"400.41200","0.80016","42.64074"
"400.91200","0.80027","42.46657"
"401.41200","0.80018","42.35351"
"401.91200","0.80012","42.28889"
"402.41200","0.80012","42.24340"
"402.91200","0.80012","42.21287"
"403.41200","0.80012","42.18320"
"403.91200","0.80012","42.14903"
"404.41200","0.80012","42.11808"
"404.91200","0.80012","42.10817"
"405.41200","0.80012","42.08094"
"405.91200","0.80012","42.07027"
"406.41200","0.80012","42.04095"
"406.91200","0.80012","42.00377"
"407.41200","0.80012","41.97682"
"407.91200","0.80012","41.95242"
"408.41200","0.80012","41.92648"
"408.91200","0.80012","41.90185"
"409.41200","0.80012","41.88694"
"409.91200","0.80012","41.88741"
"410.41200","0.80012","41.87270"
"410.91200","0.80012","41.86379"
"411.41200","0.80012","41.85742"
"411.91200","0.80012","41.85383"
"412.41200","0.80012","41.84119"
"412.91200","0.80012","41.83801"
"413.41200","0.80012","41.84470"
"413.91200","0.80012","41.84753"
"414.41200","0.80012","41.84483"
"414.91200","0.80012","41.83615"
"415.41200","0.80012","41.81564"
"415.91200","0.80012","41.81589"
"416.41200","0.80012","41.81544"
"416.91200","0.80012","41.80720"
"417.41200","0.80012","41.77862"
"417.91200","0.80012","41.75921"
"418.41200","0.80012","41.74195"
"418.91200","0.80012","41.72100"
"419.41200","0.80012","41.70915"
"419.91200","0.80012","41.69960"
"420.39100","0.80012","41.69708"
"420.39200","0.80012","41.69709"
"420.41200","0.80012","41.69840"
"420.91200","0.79730","41.35155"
"421.41200","0.79383","40.84330"
"421.91200","0.79057","40.37596"
"422.41200","0.78716","39.89440"
"422.91200","0.78374","39.41776"
"423.41200","0.78037","38.95650"
"423.91200","0.77708","38.51731"
"424.41200","0.77388","38.11562"
"424.91200","0.77052","37.68424"
"425.41200","0.76723","37.27983"
"425.91200","0.76379","36.86082"
"426.41200","0.76029","36.42752"
"426.91200","0.75706","36.05691"
"427.41200","0.75380","35.68694"
"427.91200","0.75059","35.30012"
"428.41200","0.74724","34.90175"
"428.91200","0.74385","34.50623"
"429.41200","0.74041","34.11961"
"429.91200","0.73699","33.74832"
"430.41200","0.73379","33.41530"
"430.91200","0.73049","33.06356"
"431.41200","0.72730","32.72810"
"431.91200","0.72382","32.37196"
"432.41200","0.72048","32.02702"
"432.91200","0.71709","31.69676"
"433.41200","0.71375","31.38235"
"433.91200","0.71054","31.09649"
"434.41200","0.70718","30.79532"
"434.91200","0.70390","30.50701"
"435.41200","0.70043","30.21255"
"435.91200","0.69710","29.94942"
"436.41200","0.69383","29.69042"
"436.91200","0.69049","29.41422"
"437.41200","0.68725","29.14930"
"437.91200","0.68383","28.87110"
"438.41200","0.68040","28.57449"
"438.91200","0.67699","28.28269"
"439.41200","0.67377","28.03822"
"439.91200","0.67054","27.79681"
"440.41200","0.66722","27.57532"
"440.91200","0.66392","27.33699"
"441.41200","0.66046","27.08258"
"441.91200","0.65696","26.83946"
"442.41200","0.65368","26.59323"
"442.91200","0.65049","26.35805"
"443.41200","0.64728","26.13117"
"443.91200","0.64387","25.90605"
"444.41200","0.64053","25.69720"
"444.91200","0.63712","25.49023"
"445.41200","0.63366","25.28518"
"445.91200","0.63045","25.08031"
"446.41200","0.62719","24.88239"
"446.91200","0.62394","24.69105"
"447.41200","0.62052","24.47586"
"447.91200","0.61711","24.27165"
"448.41200","0.61377","24.08121"
"448.91200","0.61041","23.90119"
"449.41200","0.60719","23.74016"
"449.91200","0.60387","23.58671"
"450.41200","0.60054","23.39175"
"450.91200","0.59708","23.21762"
"451.41200","0.59375","23.05665"
"451.91200","0.59048","22.90909"
"452.41200","0.58715","22.75695"
"452.91200","0.58391","22.59815"
"453.41200","0.58050","22.43404"
"453.91200","0.57711","22.28280"
"454.41200","0.57369","22.14417"
"454.91200","0.57041","22.02699"
"455.41200","0.56724","21.93449"
"455.91200","0.56383","21.80944"
"456.41200","0.56058","21.68856"
"456.91200","0.55710","21.54461"
"457.41200","0.55365","21.39702"
"457.91200","0.55038","21.27111"
"458.41200","0.54714","21.14196"
"458.91200","0.54396","21.02339"
"459.41200","0.54053","20.88236"
"459.91200","0.53719","20.76061"
"460.41200","0.53373","20.66180"
"460.91200","0.53034","20.56053"
"461.41200","0.52713","20.46927"
"461.91200","0.52384","20.37499"
"462.41200","0.52063","20.27624"
"462.91200","0.51717","20.15175"
"463.41200","0.51383","20.03699"
"463.91200","0.51041","19.93605"
"464.41200","0.50710","19.84971"
"464.91200","0.50387","19.76108"
"465.41200","0.50052","19.65521"
"465.91200","0.49721","19.54204"
"466.41200","0.49374","19.43542"
"466.91200","0.49044","19.34489"
"467.41200","0.48715","19.26027"
"467.91200","0.48383","19.17133"
"468.41200","0.48057","19.07647"
"468.91200","0.47715","18.97706"
"469.41200","0.47370","18.87899"
"469.91200","0.47036","18.77583"
"470.41200","0.46709","18.68756"
"470.91200","0.46390","18.60730"
"471.41200","0.46056","18.52161"
"471.91200","0.45723","18.43368"
"472.41200","0.45378","18.33479"
"472.91200","0.45026","18.23319"
"473.41200","0.44705","18.16025"
"473.91200","0.44381","18.07416"
"474.41200","0.44061","17.98955"
"474.91200","0.43722","17.89412"
"475.41200","0.43388","17.78947"
"475.91200","0.43041","17.68825"
"476.41200","0.42699","17.58028"
"476.91200","0.42380","17.49391"
"477.41200","0.42048","17.38238"
"477.91200","0.41729","17.28296"
"478.41200","0.41380","17.15945"
"478.91200","0.41048","17.04223"
"479.41200","0.40712","16.92108"
"479.91200","0.40377","16.78799"
"480.41200","0.40055","16.65968"
"480.91200","0.39719","16.52423"
"481.41200","0.39387","16.42272"
"481.91200","0.39040","16.33540"
"482.41200","0.38709","16.27996"
"482.91200","0.38382","16.26749"
"483.41200","0.38052","16.27736"
"483.91200","0.37724","16.32260"
"484.41200","0.37383","16.36691"
"484.91200","0.37042","16.40390"
"485.41200","0.36698","16.45706"
"485.91200","0.36376","16.52048"
"486.41200","0.36056","16.58648"
"486.91200","0.35721","16.64283"
"487.41200","0.35391","16.69523"
"487.91200","0.35044","16.73615"
"488.41200","0.34699","16.75950"
"488.91200","0.34373","16.80782"
"489.41200","0.34049","16.83227"
"489.91200","0.33729","16.83684"
"490.41200","0.33387","16.80025"
"490.91200","0.33053","16.75105"
"491.41200","0.32707","16.67216"
"491.91200","0.32367","16.56076"
"492.41200","0.32046","16.46781"
"492.91200","0.31720","16.35712"
"493.41200","0.31392","16.23478"
"493.91200","0.31049","16.06632"
"494.41200","0.30710","15.89797"
"494.91200","0.30377","15.74657"
"495.41200","0.30043","15.61962"
"495.91200","0.29720","15.55574"
"496.41200","0.29384","15.49159"
"496.91200","0.29056","15.41736"
"497.41200","0.28707","15.33793"
"497.91200","0.28375","15.27961"
"498.41200","0.28050","15.23532"
"498.91200","0.27717","15.18619"
"499.41200","0.27391","15.12991"
"499.91200","0.27046","15.08452"
"500.41200","0.26707","15.03106"
"500.91200","0.26370","14.98962"
"501.41200","0.26042","14.96896"
"501.91200","0.25726","14.96525"
"502.41200","0.25387","14.94299"
"502.91200","0.25056","14.93342"
"503.41200","0.24707","14.91588"
"503.91200","0.24361","14.89330"
"504.41200","0.24038","14.90076"
"504.91200","0.23717","14.89972"
"505.41200","0.23395","14.90230"
"505.91200","0.23055","14.89263"
"506.41200","0.22721","14.89572"
"506.91200","0.22372","14.90384"
"507.41200","0.22035","14.91916"
"507.91200","0.21714","14.96577"
"508.41200","0.21387","15.00780"
"508.91200","0.21062","15.06321"
"509.41200","0.20713","15.10386"
"509.91200","0.20383","15.14293"
"510.41200","0.20044","15.19415"
"510.91200","0.19711","15.24630"
"511.41200","0.19386","15.26607"
"511.91200","0.19051","15.26720"
"512.41200","0.18716","15.28236"
"512.91200","0.18373","15.30382"
"513.41200","0.18040","15.31007"
"513.91200","0.17718","15.32247"
"514.41200","0.17385","15.31066"
"514.91200","0.17056","15.29206"
"515.41200","0.16716","15.23801"
"515.91200","0.16370","15.15406"
"516.41200","0.16035","15.08537"
"516.91200","0.15711","15.01737"
"517.41200","0.15390","14.95230"
"517.91200","0.15056","14.86056"
"518.41200","0.14724","14.75483"
"518.91200","0.14376","14.64190"
"519.41200","0.14029","14.51198"
"519.91200","0.13707","14.41070"
"520.41200","0.13381","14.28666"
"520.91200","0.13063","14.14648"
"521.41200","0.12716","13.93600"
"521.91200","0.12387","13.72670"
"522.41200","0.12041","13.49634"
"522.91200","0.11702","13.25387"
"523.41200","0.11382","13.00865"
"523.91200","0.11052","12.74117"
"524.41200","0.10728","12.46362"
"524.91200","0.10380","12.15553"
"525.41200","0.10045","11.84196"
"525.91200","0.09710","11.51836"
"526.41200","0.09379","11.19698"
"526.91200","0.09055","10.86477"
"527.41200","0.08719","10.51150"
"527.91200","0.08388","10.13952"
"528.41200","0.08037","9.72151"
"528.91200","0.07710","9.32578"
"529.41200","0.07381","8.91164"
"529.91200","0.07050","8.49215"
"530.41200","0.06723","8.06919"
"530.91200","0.06381","7.62057"
"531.41200","0.06037","7.15871"
"531.91200","0.05704","6.70296"
"532.41200","0.05378","6.25582"
"532.91200","0.05057","5.80223"
"533.41200","0.04720","5.31704"
"533.91200","0.04390","4.84382"
"534.41200","0.04044","4.33041"
"534.91200","0.03694","3.80990"
"535.41200","0.03374","3.33395"
"535.91200","0.03049","2.84871"
"536.41200","0.02728","2.35895"
"536.91200","0.02389","1.84460"
"537.41200","0.02050","1.32801"
"537.91200","0.01708","0.80283"
"538.41200","0.01366","0.27676"
"538.91200","0.01048","-0.21035"
"539.41200","0.00716","-0.72107"
"539.91200","0.00395","-1.20666"
"540.41200","0.00048","-1.74124"
"540.45700","0.00011","-1.79504"
